DATE,TIME,実績(万kW)
2015 1 1,0 00,2650
2015 1 1,1 00,2527
2015 1 1,2 00,2427
2015 1 1,3 00,2352
2015 1 1,4 00,2311
2015 1 1,5 00,2313
2015 1 1,6 00,2398
2015 1 1,7 00,2530
2015 1 1,8 00,2669
2015 1 1,9 00,2658
2015 1 1,10 00,2660
2015 1 1,11 00,2707
2015 1 1,12 00,2761
2015 1 1,13 00,2750
2015 1 1,14 00,2728
2015 1 1,15 00,2774
2015 1 1,16 00,2989
2015 1 1,17 00,3256
2015 1 1,18 00,3323
2015 1 1,19 00,3324
2015 1 1,20 00,3320
2015 1 1,21 00,3279
2015 1 1,22 00,3156
2015 1 1,23 00,3030
2015 1 2,0 00,2809
2015 1 2,1 00,2649
2015 1 2,2 00,2545
2015 1 2,3 00,2470
2015 1 2,4 00,2435
2015 1 2,5 00,2476
2015 1 2,6 00,2653
2015 1 2,7 00,2863
2015 1 2,8 00,3082
2015 1 2,9 00,3217
2015 1 2,10 00,3163
2015 1 2,11 00,3038
2015 1 2,12 00,2882
2015 1 2,13 00,2666
2015 1 2,14 00,2609
2015 1 2,15 00,2678
2015 1 2,16 00,2951
2015 1 2,17 00,3289
2015 1 2,18 00,3373
2015 1 2,19 00,3397
2015 1 2,20 00,3386
2015 1 2,21 00,3330
2015 1 2,22 00,3218
2015 1 2,23 00,3096
2015 1 3,0 00,2872
2015 1 3,1 00,2696
2015 1 3,2 00,2583
2015 1 3,3 00,2501
2015 1 3,4 00,2458
2015 1 3,5 00,2497
2015 1 3,6 00,2641
2015 1 3,7 00,2858
2015 1 3,8 00,3057
2015 1 3,9 00,3069
2015 1 3,10 00,2962
2015 1 3,11 00,2842
2015 1 3,12 00,2765
2015 1 3,13 00,2684
2015 1 3,14 00,2652
2015 1 3,15 00,2700
2015 1 3,16 00,2973
2015 1 3,17 00,3339
2015 1 3,18 00,3433
2015 1 3,19 00,3445
2015 1 3,20 00,3433
2015 1 3,21 00,3365
2015 1 3,22 00,3223
2015 1 3,23 00,3081
2015 1 4,0 00,2872
2015 1 4,1 00,2713
2015 1 4,2 00,2602
2015 1 4,3 00,2520
2015 1 4,4 00,2478
2015 1 4,5 00,2528
2015 1 4,6 00,2696
2015 1 4,7 00,2929
2015 1 4,8 00,3250
2015 1 4,9 00,3392
2015 1 4,10 00,3279
2015 1 4,11 00,3098
2015 1 4,12 00,2967
2015 1 4,13 00,2882
2015 1 4,14 00,2823
2015 1 4,15 00,2860
2015 1 4,16 00,3151
2015 1 4,17 00,3553
2015 1 4,18 00,3667
2015 1 4,19 00,3685
2015 1 4,20 00,3650
2015 1 4,21 00,3531
2015 1 4,22 00,3336
2015 1 4,23 00,3141
2015 1 5,0 00,2888
2015 1 5,1 00,2722
2015 1 5,2 00,2630
2015 1 5,3 00,2574
2015 1 5,4 00,2589
2015 1 5,5 00,2787
2015 1 5,6 00,3228
2015 1 5,7 00,3569
2015 1 5,8 00,3815
2015 1 5,9 00,3864
2015 1 5,10 00,3718
2015 1 5,11 00,3614
2015 1 5,12 00,3402
2015 1 5,13 00,3451
2015 1 5,14 00,3413
2015 1 5,15 00,3426
2015 1 5,16 00,3662
2015 1 5,17 00,3920
2015 1 5,18 00,3936
2015 1 5,19 00,3879
2015 1 5,20 00,3801
2015 1 5,21 00,3671
2015 1 5,22 00,3523
2015 1 5,23 00,3280
2015 1 6,0 00,2990
2015 1 6,1 00,2816
2015 1 6,2 00,2722
2015 1 6,3 00,2656
2015 1 6,4 00,2673
2015 1 6,5 00,2829
2015 1 6,6 00,3198
2015 1 6,7 00,3515
2015 1 6,8 00,3834
2015 1 6,9 00,4008
2015 1 6,10 00,3916
2015 1 6,11 00,3762
2015 1 6,12 00,3515
2015 1 6,13 00,3713
2015 1 6,14 00,3761
2015 1 6,15 00,3775
2015 1 6,16 00,3904
2015 1 6,17 00,3991
2015 1 6,18 00,3973
2015 1 6,19 00,3874
2015 1 6,20 00,3777
2015 1 6,21 00,3666
2015 1 6,22 00,3554
2015 1 6,23 00,3334
2015 1 7,0 00,3059
2015 1 7,1 00,2911
2015 1 7,2 00,2827
2015 1 7,3 00,2791
2015 1 7,4 00,2808
2015 1 7,5 00,2989
2015 1 7,6 00,3419
2015 1 7,7 00,3722
2015 1 7,8 00,3996
2015 1 7,9 00,4149
2015 1 7,10 00,4045
2015 1 7,11 00,3933
2015 1 7,12 00,3638
2015 1 7,13 00,3748
2015 1 7,14 00,3711
2015 1 7,15 00,3703
2015 1 7,16 00,3958
2015 1 7,17 00,4230
2015 1 7,18 00,4251
2015 1 7,19 00,4180
2015 1 7,20 00,4083
2015 1 7,21 00,3939
2015 1 7,22 00,3797
2015 1 7,23 00,3562
2015 1 8,0 00,3276
2015 1 8,1 00,3093
2015 1 8,2 00,2976
2015 1 8,3 00,2905
2015 1 8,4 00,2923
2015 1 8,5 00,3109
2015 1 8,6 00,3597
2015 1 8,7 00,3882
2015 1 8,8 00,4006
2015 1 8,9 00,4022
2015 1 8,10 00,3883
2015 1 8,11 00,3783
2015 1 8,12 00,3556
2015 1 8,13 00,3673
2015 1 8,14 00,3638
2015 1 8,15 00,3669
2015 1 8,16 00,3944
2015 1 8,17 00,4251
2015 1 8,18 00,4258
2015 1 8,19 00,4189
2015 1 8,20 00,4086
2015 1 8,21 00,3933
2015 1 8,22 00,3795
2015 1 8,23 00,3572
2015 1 9,0 00,3278
2015 1 9,1 00,3090
2015 1 9,2 00,2991
2015 1 9,3 00,2930
2015 1 9,4 00,2943
2015 1 9,5 00,3133
2015 1 9,6 00,3626
2015 1 9,7 00,3896
2015 1 9,8 00,4030
2015 1 9,9 00,4040
2015 1 9,10 00,3890
2015 1 9,11 00,3789
2015 1 9,12 00,3546
2015 1 9,13 00,3646
2015 1 9,14 00,3618
2015 1 9,15 00,3645
2015 1 9,16 00,3893
2015 1 9,17 00,4185
2015 1 9,18 00,4186
2015 1 9,19 00,4080
2015 1 9,20 00,3975
2015 1 9,21 00,3833
2015 1 9,22 00,3745
2015 1 9,23 00,3558
2015 1 10,0 00,3308
2015 1 10,1 00,3139
2015 1 10,2 00,3005
2015 1 10,3 00,2918
2015 1 10,4 00,2890
2015 1 10,5 00,2966
2015 1 10,6 00,3206
2015 1 10,7 00,3462
2015 1 10,8 00,3692
2015 1 10,9 00,3718
2015 1 10,10 00,3578
2015 1 10,11 00,3468
2015 1 10,12 00,3290
2015 1 10,13 00,3308
2015 1 10,14 00,3273
2015 1 10,15 00,3288
2015 1 10,16 00,3509
2015 1 10,17 00,3847
2015 1 10,18 00,3909
2015 1 10,19 00,3869
2015 1 10,20 00,3803
2015 1 10,21 00,3666
2015 1 10,22 00,3502
2015 1 10,23 00,3336
2015 1 11,0 00,3105
2015 1 11,1 00,2961
2015 1 11,2 00,2856
2015 1 11,3 00,2784
2015 1 11,4 00,2745
2015 1 11,5 00,2796
2015 1 11,6 00,2983
2015 1 11,7 00,3171
2015 1 11,8 00,3338
2015 1 11,9 00,3313
2015 1 11,10 00,3181
2015 1 11,11 00,3055
2015 1 11,12 00,2976
2015 1 11,13 00,2944
2015 1 11,14 00,2908
2015 1 11,15 00,2958
2015 1 11,16 00,3199
2015 1 11,17 00,3602
2015 1 11,18 00,3688
2015 1 11,19 00,3670
2015 1 11,20 00,3620
2015 1 11,21 00,3495
2015 1 11,22 00,3327
2015 1 11,23 00,3165
2015 1 12,0 00,2961
2015 1 12,1 00,2833
2015 1 12,2 00,2759
2015 1 12,3 00,2700
2015 1 12,4 00,2683
2015 1 12,5 00,2772
2015 1 12,6 00,3024
2015 1 12,7 00,3284
2015 1 12,8 00,3549
2015 1 12,9 00,3629
2015 1 12,10 00,3544
2015 1 12,11 00,3463
2015 1 12,12 00,3318
2015 1 12,13 00,3336
2015 1 12,14 00,3313
2015 1 12,15 00,3364
2015 1 12,16 00,3629
2015 1 12,17 00,4029
2015 1 12,18 00,4112
2015 1 12,19 00,4076
2015 1 12,20 00,4014
2015 1 12,21 00,3869
2015 1 12,22 00,3627
2015 1 12,23 00,3406
2015 1 13,0 00,3153
2015 1 13,1 00,3000
2015 1 13,2 00,2907
2015 1 13,3 00,2854
2015 1 13,4 00,2876
2015 1 13,5 00,3102
2015 1 13,6 00,3610
2015 1 13,7 00,3915
2015 1 13,8 00,4043
2015 1 13,9 00,4047
2015 1 13,10 00,3896
2015 1 13,11 00,3784
2015 1 13,12 00,3535
2015 1 13,13 00,3628
2015 1 13,14 00,3599
2015 1 13,15 00,3608
2015 1 13,16 00,3855
2015 1 13,17 00,4178
2015 1 13,18 00,4207
2015 1 13,19 00,4126
2015 1 13,20 00,4034
2015 1 13,21 00,3882
2015 1 13,22 00,3750
2015 1 13,23 00,3528
2015 1 14,0 00,3245
2015 1 14,1 00,3072
2015 1 14,2 00,2978
2015 1 14,3 00,2923
2015 1 14,4 00,2946
2015 1 14,5 00,3164
2015 1 14,6 00,3673
2015 1 14,7 00,3955
2015 1 14,8 00,4083
2015 1 14,9 00,4089
2015 1 14,10 00,3913
2015 1 14,11 00,3792
2015 1 14,12 00,3547
2015 1 14,13 00,3719
2015 1 14,14 00,3703
2015 1 14,15 00,3739
2015 1 14,16 00,3972
2015 1 14,17 00,4164
2015 1 14,18 00,4131
2015 1 14,19 00,4009
2015 1 14,20 00,3896
2015 1 14,21 00,3740
2015 1 14,22 00,3581
2015 1 14,23 00,3327
2015 1 15,0 00,3046
2015 1 15,1 00,2893
2015 1 15,2 00,2812
2015 1 15,3 00,2772
2015 1 15,4 00,2794
2015 1 15,5 00,2977
2015 1 15,6 00,3415
2015 1 15,7 00,3695
2015 1 15,8 00,3968
2015 1 15,9 00,4156
2015 1 15,10 00,4159
2015 1 15,11 00,4180
2015 1 15,12 00,4013
2015 1 15,13 00,4216
2015 1 15,14 00,4282
2015 1 15,15 00,4319
2015 1 15,16 00,4439
2015 1 15,17 00,4518
2015 1 15,18 00,4467
2015 1 15,19 00,4319
2015 1 15,20 00,4162
2015 1 15,21 00,3947
2015 1 15,22 00,3769
2015 1 15,23 00,3500
2015 1 16,0 00,3193
2015 1 16,1 00,3016
2015 1 16,2 00,2924
2015 1 16,3 00,2872
2015 1 16,4 00,2892
2015 1 16,5 00,3096
2015 1 16,6 00,3567
2015 1 16,7 00,3790
2015 1 16,8 00,3907
2015 1 16,9 00,3925
2015 1 16,10 00,3789
2015 1 16,11 00,3684
2015 1 16,12 00,3462
2015 1 16,13 00,3581
2015 1 16,14 00,3538
2015 1 16,15 00,3571
2015 1 16,16 00,3796
2015 1 16,17 00,4018
2015 1 16,18 00,4000
2015 1 16,19 00,3878
2015 1 16,20 00,3751
2015 1 16,21 00,3619
2015 1 16,22 00,3511
2015 1 16,23 00,3326
2015 1 17,0 00,3066
2015 1 17,1 00,2919
2015 1 17,2 00,2838
2015 1 17,3 00,2786
2015 1 17,4 00,2780
2015 1 17,5 00,2857
2015 1 17,6 00,3073
2015 1 17,7 00,3260
2015 1 17,8 00,3495
2015 1 17,9 00,3548
2015 1 17,10 00,3440
2015 1 17,11 00,3372
2015 1 17,12 00,3317
2015 1 17,13 00,3413
2015 1 17,14 00,3393
2015 1 17,15 00,3407
2015 1 17,16 00,3596
2015 1 17,17 00,3937
2015 1 17,18 00,4013
2015 1 17,19 00,3961
2015 1 17,20 00,3893
2015 1 17,21 00,3771
2015 1 17,22 00,3600
2015 1 17,23 00,3448
2015 1 18,0 00,3205
2015 1 18,1 00,3058
2015 1 18,2 00,2942
2015 1 18,3 00,2843
2015 1 18,4 00,2799
2015 1 18,5 00,2839
2015 1 18,6 00,3032
2015 1 18,7 00,3231
2015 1 18,8 00,3394
2015 1 18,9 00,3404
2015 1 18,10 00,3284
2015 1 18,11 00,3169
2015 1 18,12 00,3092
2015 1 18,13 00,3025
2015 1 18,14 00,2989
2015 1 18,15 00,3025
2015 1 18,16 00,3256
2015 1 18,17 00,3736
2015 1 18,18 00,3872
2015 1 18,19 00,3879
2015 1 18,20 00,3849
2015 1 18,21 00,3715
2015 1 18,22 00,3495
2015 1 18,23 00,3292
2015 1 19,0 00,3035
2015 1 19,1 00,2899
2015 1 19,2 00,2817
2015 1 19,3 00,2766
2015 1 19,4 00,2800
2015 1 19,5 00,3041
2015 1 19,6 00,3574
2015 1 19,7 00,3911
2015 1 19,8 00,4089
2015 1 19,9 00,4101
2015 1 19,10 00,3942
2015 1 19,11 00,3826
2015 1 19,12 00,3532
2015 1 19,13 00,3606
2015 1 19,14 00,3600
2015 1 19,15 00,3613
2015 1 19,16 00,3819
2015 1 19,17 00,4127
2015 1 19,18 00,4159
2015 1 19,19 00,4071
2015 1 19,20 00,3975
2015 1 19,21 00,3842
2015 1 19,22 00,3705
2015 1 19,23 00,3483
2015 1 20,0 00,3213
2015 1 20,1 00,3051
2015 1 20,2 00,2958
2015 1 20,3 00,2913
2015 1 20,4 00,2929
2015 1 20,5 00,3132
2015 1 20,6 00,3608
2015 1 20,7 00,3861
2015 1 20,8 00,3992
2015 1 20,9 00,4002
2015 1 20,10 00,3861
2015 1 20,11 00,3754
2015 1 20,12 00,3502
2015 1 20,13 00,3616
2015 1 20,14 00,3589
2015 1 20,15 00,3618
2015 1 20,16 00,3840
2015 1 20,17 00,4184
2015 1 20,18 00,4241
2015 1 20,19 00,4149
2015 1 20,20 00,4053
2015 1 20,21 00,3922
2015 1 20,22 00,3791
2015 1 20,23 00,3565
2015 1 21,0 00,3276
2015 1 21,1 00,3108
2015 1 21,2 00,3016
2015 1 21,3 00,2942
2015 1 21,4 00,2955
2015 1 21,5 00,3150
2015 1 21,6 00,3631
2015 1 21,7 00,3988
2015 1 21,8 00,4253
2015 1 21,9 00,4442
2015 1 21,10 00,4428
2015 1 21,11 00,4407
2015 1 21,12 00,4206
2015 1 21,13 00,4337
2015 1 21,14 00,4334
2015 1 21,15 00,4360
2015 1 21,16 00,4543
2015 1 21,17 00,4652
2015 1 21,18 00,4601
2015 1 21,19 00,4479
2015 1 21,20 00,4330
2015 1 21,21 00,4140
2015 1 21,22 00,3952
2015 1 21,23 00,3665
2015 1 22,0 00,3321
2015 1 22,1 00,3131
2015 1 22,2 00,3014
2015 1 22,3 00,2933
2015 1 22,4 00,2934
2015 1 22,5 00,3111
2015 1 22,6 00,3580
2015 1 22,7 00,3921
2015 1 22,8 00,4199
2015 1 22,9 00,4400
2015 1 22,10 00,4371
2015 1 22,11 00,4356
2015 1 22,12 00,4152
2015 1 22,13 00,4309
2015 1 22,14 00,4260
2015 1 22,15 00,4231
2015 1 22,16 00,4379
2015 1 22,17 00,4484
2015 1 22,18 00,4432
2015 1 22,19 00,4287
2015 1 22,20 00,4133
2015 1 22,21 00,3966
2015 1 22,22 00,3800
2015 1 22,23 00,3545
2015 1 23,0 00,3240
2015 1 23,1 00,3063
2015 1 23,2 00,2961
2015 1 23,3 00,2888
2015 1 23,4 00,2893
2015 1 23,5 00,3064
2015 1 23,6 00,3513
2015 1 23,7 00,3788
2015 1 23,8 00,3988
2015 1 23,9 00,4014
2015 1 23,10 00,3844
2015 1 23,11 00,3669
2015 1 23,12 00,3408
2015 1 23,13 00,3550
2015 1 23,14 00,3527
2015 1 23,15 00,3609
2015 1 23,16 00,3816
2015 1 23,17 00,4135
2015 1 23,18 00,4181
2015 1 23,19 00,4100
2015 1 23,20 00,4010
2015 1 23,21 00,3886
2015 1 23,22 00,3795
2015 1 23,23 00,3602
2015 1 24,0 00,3328
2015 1 24,1 00,3157
2015 1 24,2 00,3040
2015 1 24,3 00,2942
2015 1 24,4 00,2903
2015 1 24,5 00,2985
2015 1 24,6 00,3240
2015 1 24,7 00,3480
2015 1 24,8 00,3771
2015 1 24,9 00,3862
2015 1 24,10 00,3775
2015 1 24,11 00,3710
2015 1 24,12 00,3577
2015 1 24,13 00,3524
2015 1 24,14 00,3425
2015 1 24,15 00,3452
2015 1 24,16 00,3632
2015 1 24,17 00,3922
2015 1 24,18 00,3964
2015 1 24,19 00,3916
2015 1 24,20 00,3856
2015 1 24,21 00,3714
2015 1 24,22 00,3544
2015 1 24,23 00,3384
2015 1 25,0 00,3163
2015 1 25,1 00,3018
2015 1 25,2 00,2910
2015 1 25,3 00,2838
2015 1 25,4 00,2801
2015 1 25,5 00,2846
2015 1 25,6 00,3005
2015 1 25,7 00,3180
2015 1 25,8 00,3351
2015 1 25,9 00,3379
2015 1 25,10 00,3250
2015 1 25,11 00,3119
2015 1 25,12 00,3055
2015 1 25,13 00,2994
2015 1 25,14 00,2994
2015 1 25,15 00,2993
2015 1 25,16 00,3193
2015 1 25,17 00,3628
2015 1 25,18 00,3755
2015 1 25,19 00,3724
2015 1 25,20 00,3682
2015 1 25,21 00,3532
2015 1 25,22 00,3306
2015 1 25,23 00,3088
2015 1 26,0 00,2850
2015 1 26,1 00,2726
2015 1 26,2 00,2664
2015 1 26,3 00,2649
2015 1 26,4 00,2679
2015 1 26,5 00,2869
2015 1 26,6 00,3295
2015 1 26,7 00,3625
2015 1 26,8 00,3881
2015 1 26,9 00,4010
2015 1 26,10 00,3847
2015 1 26,11 00,3734
2015 1 26,12 00,3443
2015 1 26,13 00,3535
2015 1 26,14 00,3512
2015 1 26,15 00,3530
2015 1 26,16 00,3715
2015 1 26,17 00,3939
2015 1 26,18 00,3932
2015 1 26,19 00,3803
2015 1 26,20 00,3685
2015 1 26,21 00,3541
2015 1 26,22 00,3446
2015 1 26,23 00,3226
2015 1 27,0 00,2965
2015 1 27,1 00,2842
2015 1 27,2 00,2781
2015 1 27,3 00,2737
2015 1 27,4 00,2765
2015 1 27,5 00,2913
2015 1 27,6 00,3266
2015 1 27,7 00,3548
2015 1 27,8 00,3740
2015 1 27,9 00,3764
2015 1 27,10 00,3591
2015 1 27,11 00,3481
2015 1 27,12 00,3218
2015 1 27,13 00,3392
2015 1 27,14 00,3365
2015 1 27,15 00,3378
2015 1 27,16 00,3547
2015 1 27,17 00,3810
2015 1 27,18 00,3833
2015 1 27,19 00,3730
2015 1 27,20 00,3627
2015 1 27,21 00,3512
2015 1 27,22 00,3443
2015 1 27,23 00,3237
2015 1 28,0 00,2999
2015 1 28,1 00,2861
2015 1 28,2 00,2795
2015 1 28,3 00,2764
2015 1 28,4 00,2800
2015 1 28,5 00,2978
2015 1 28,6 00,3407
2015 1 28,7 00,3680
2015 1 28,8 00,3902
2015 1 28,9 00,3967
2015 1 28,10 00,3825
2015 1 28,11 00,3719
2015 1 28,12 00,3539
2015 1 28,13 00,3684
2015 1 28,14 00,3698
2015 1 28,15 00,3734
2015 1 28,16 00,3917
2015 1 28,17 00,4243
2015 1 28,18 00,4297
2015 1 28,19 00,4231
2015 1 28,20 00,4137
2015 1 28,21 00,4004
2015 1 28,22 00,3866
2015 1 28,23 00,3641
2015 1 29,0 00,3347
2015 1 29,1 00,3177
2015 1 29,2 00,3065
2015 1 29,3 00,3002
2015 1 29,4 00,3015
2015 1 29,5 00,3218
2015 1 29,6 00,3735
2015 1 29,7 00,4008
2015 1 29,8 00,4125
2015 1 29,9 00,4149
2015 1 29,10 00,3999
2015 1 29,11 00,3884
2015 1 29,12 00,3621
2015 1 29,13 00,3746
2015 1 29,14 00,3790
2015 1 29,15 00,3826
2015 1 29,16 00,4043
2015 1 29,17 00,4316
2015 1 29,18 00,4334
2015 1 29,19 00,4225
2015 1 29,20 00,4118
2015 1 29,21 00,3965
2015 1 29,22 00,3826
2015 1 29,23 00,3593
2015 1 30,0 00,3289
2015 1 30,1 00,3095
2015 1 30,2 00,2985
2015 1 30,3 00,2927
2015 1 30,4 00,2947
2015 1 30,5 00,3152
2015 1 30,6 00,3661
2015 1 30,7 00,4051
2015 1 30,8 00,4368
2015 1 30,9 00,4592
2015 1 30,10 00,4636
2015 1 30,11 00,4639
2015 1 30,12 00,4416
2015 1 30,13 00,4499
2015 1 30,14 00,4464
2015 1 30,15 00,4449
2015 1 30,16 00,4537
2015 1 30,17 00,4624
2015 1 30,18 00,4540
2015 1 30,19 00,4367
2015 1 30,20 00,4212
2015 1 30,21 00,4022
2015 1 30,22 00,3866
2015 1 30,23 00,3641
2015 1 31,0 00,3343
2015 1 31,1 00,3177
2015 1 31,2 00,3057
2015 1 31,3 00,2975
2015 1 31,4 00,2940
2015 1 31,5 00,3024
2015 1 31,6 00,3249
2015 1 31,7 00,3460
2015 1 31,8 00,3730
2015 1 31,9 00,3779
2015 1 31,10 00,3642
2015 1 31,11 00,3563
2015 1 31,12 00,3417
2015 1 31,13 00,3342
2015 1 31,14 00,3275
2015 1 31,15 00,3311
2015 1 31,16 00,3487
2015 1 31,17 00,3874
2015 1 31,18 00,4004
2015 1 31,19 00,3970
2015 1 31,20 00,3908
2015 1 31,21 00,3779
2015 1 31,22 00,3607
2015 1 31,23 00,3446
2015 2 1,0 00,3209
2015 2 1,1 00,3043
2015 2 1,2 00,2918
2015 2 1,3 00,2833
2015 2 1,4 00,2761
2015 2 1,5 00,2807
2015 2 1,6 00,2998
2015 2 1,7 00,3217
2015 2 1,8 00,3388
2015 2 1,9 00,3425
2015 2 1,10 00,3322
2015 2 1,11 00,3203
2015 2 1,12 00,3143
2015 2 1,13 00,3095
2015 2 1,14 00,3055
2015 2 1,15 00,3061
2015 2 1,16 00,3272
2015 2 1,17 00,3768
2015 2 1,18 00,3961
2015 2 1,19 00,3975
2015 2 1,20 00,3933
2015 2 1,21 00,3807
2015 2 1,22 00,3575
2015 2 1,23 00,3359
2015 2 2,0 00,3107
2015 2 2,1 00,2953
2015 2 2,2 00,2872
2015 2 2,3 00,2816
2015 2 2,4 00,2846
2015 2 2,5 00,3073
2015 2 2,6 00,3595
2015 2 2,7 00,3909
2015 2 2,8 00,4056
2015 2 2,9 00,4084
2015 2 2,10 00,3972
2015 2 2,11 00,3881
2015 2 2,12 00,3634
2015 2 2,13 00,3717
2015 2 2,14 00,3688
2015 2 2,15 00,3706
2015 2 2,16 00,3913
2015 2 2,17 00,4271
2015 2 2,18 00,4365
2015 2 2,19 00,4280
2015 2 2,20 00,4182
2015 2 2,21 00,4040
2015 2 2,22 00,3880
2015 2 2,23 00,3642
2015 2 3,0 00,3339
2015 2 3,1 00,3159
2015 2 3,2 00,3048
2015 2 3,3 00,2984
2015 2 3,4 00,2999
2015 2 3,5 00,3230
2015 2 3,6 00,3729
2015 2 3,7 00,3995
2015 2 3,8 00,4111
2015 2 3,9 00,4100
2015 2 3,10 00,3934
2015 2 3,11 00,3808
2015 2 3,12 00,3565
2015 2 3,13 00,3665
2015 2 3,14 00,3631
2015 2 3,15 00,3636
2015 2 3,16 00,3825
2015 2 3,17 00,4153
2015 2 3,18 00,4222
2015 2 3,19 00,4153
2015 2 3,20 00,4080
2015 2 3,21 00,3957
2015 2 3,22 00,3796
2015 2 3,23 00,3568
2015 2 4,0 00,3271
2015 2 4,1 00,3103
2015 2 4,2 00,3005
2015 2 4,3 00,2955
2015 2 4,4 00,2983
2015 2 4,5 00,3188
2015 2 4,6 00,3679
2015 2 4,7 00,3934
2015 2 4,8 00,4077
2015 2 4,9 00,4079
2015 2 4,10 00,3909
2015 2 4,11 00,3804
2015 2 4,12 00,3571
2015 2 4,13 00,3685
2015 2 4,14 00,3697
2015 2 4,15 00,3716
2015 2 4,16 00,3860
2015 2 4,17 00,4162
2015 2 4,18 00,4233
2015 2 4,19 00,4149
2015 2 4,20 00,4060
2015 2 4,21 00,3906
2015 2 4,22 00,3747
2015 2 4,23 00,3511
2015 2 5,0 00,3207
2015 2 5,1 00,3044
2015 2 5,2 00,2955
2015 2 5,3 00,2907
2015 2 5,4 00,2904
2015 2 5,5 00,3102
2015 2 5,6 00,3552
2015 2 5,7 00,3893
2015 2 5,8 00,4218
2015 2 5,9 00,4447
2015 2 5,10 00,4482
2015 2 5,11 00,4503
2015 2 5,12 00,4293
2015 2 5,13 00,4424
2015 2 5,14 00,4403
2015 2 5,15 00,4405
2015 2 5,16 00,4549
2015 2 5,17 00,4667
2015 2 5,18 00,4625
2015 2 5,19 00,4475
2015 2 5,20 00,4321
2015 2 5,21 00,4134
2015 2 5,22 00,3946
2015 2 5,23 00,3689
2015 2 6,0 00,3390
2015 2 6,1 00,3216
2015 2 6,2 00,3103
2015 2 6,3 00,3058
2015 2 6,4 00,3089
2015 2 6,5 00,3308
2015 2 6,6 00,3801
2015 2 6,7 00,4026
2015 2 6,8 00,4145
2015 2 6,9 00,4140
2015 2 6,10 00,3981
2015 2 6,11 00,3854
2015 2 6,12 00,3503
2015 2 6,13 00,3610
2015 2 6,14 00,3619
2015 2 6,15 00,3621
2015 2 6,16 00,3766
2015 2 6,17 00,4071
2015 2 6,18 00,4154
2015 2 6,19 00,4073
2015 2 6,20 00,3984
2015 2 6,21 00,3850
2015 2 6,22 00,3744
2015 2 6,23 00,3568
2015 2 7,0 00,3313
2015 2 7,1 00,3146
2015 2 7,2 00,3032
2015 2 7,3 00,2958
2015 2 7,4 00,2927
2015 2 7,5 00,3012
2015 2 7,6 00,3251
2015 2 7,7 00,3482
2015 2 7,8 00,3721
2015 2 7,9 00,3767
2015 2 7,10 00,3627
2015 2 7,11 00,3521
2015 2 7,12 00,3404
2015 2 7,13 00,3405
2015 2 7,14 00,3380
2015 2 7,15 00,3390
2015 2 7,16 00,3530
2015 2 7,17 00,3832
2015 2 7,18 00,3899
2015 2 7,19 00,3837
2015 2 7,20 00,3757
2015 2 7,21 00,3616
2015 2 7,22 00,3439
2015 2 7,23 00,3247
2015 2 8,0 00,3004
2015 2 8,1 00,2872
2015 2 8,2 00,2785
2015 2 8,3 00,2718
2015 2 8,4 00,2693
2015 2 8,5 00,2720
2015 2 8,6 00,2862
2015 2 8,7 00,3034
2015 2 8,8 00,3297
2015 2 8,9 00,3488
2015 2 8,10 00,3483
2015 2 8,11 00,3503
2015 2 8,12 00,3574
2015 2 8,13 00,3581
2015 2 8,14 00,3566
2015 2 8,15 00,3499
2015 2 8,16 00,3541
2015 2 8,17 00,3860
2015 2 8,18 00,3991
2015 2 8,19 00,3981
2015 2 8,20 00,3912
2015 2 8,21 00,3762
2015 2 8,22 00,3519
2015 2 8,23 00,3285
2015 2 9,0 00,3033
2015 2 9,1 00,2898
2015 2 9,2 00,2843
2015 2 9,3 00,2818
2015 2 9,4 00,2853
2015 2 9,5 00,3086
2015 2 9,6 00,3599
2015 2 9,7 00,3963
2015 2 9,8 00,4243
2015 2 9,9 00,4381
2015 2 9,10 00,4315
2015 2 9,11 00,4237
2015 2 9,12 00,3922
2015 2 9,13 00,3954
2015 2 9,14 00,3916
2015 2 9,15 00,3940
2015 2 9,16 00,4126
2015 2 9,17 00,4422
2015 2 9,18 00,4525
2015 2 9,19 00,4439
2015 2 9,20 00,4322
2015 2 9,21 00,4183
2015 2 9,22 00,4009
2015 2 9,23 00,3763
2015 2 10,0 00,3462
2015 2 10,1 00,3267
2015 2 10,2 00,3153
2015 2 10,3 00,3079
2015 2 10,4 00,3089
2015 2 10,5 00,3337
2015 2 10,6 00,3864
2015 2 10,7 00,4140
2015 2 10,8 00,4247
2015 2 10,9 00,4241
2015 2 10,10 00,4069
2015 2 10,11 00,3939
2015 2 10,12 00,3648
2015 2 10,13 00,3756
2015 2 10,14 00,3712
2015 2 10,15 00,3707
2015 2 10,16 00,3877
2015 2 10,17 00,4198
2015 2 10,18 00,4294
2015 2 10,19 00,4209
2015 2 10,20 00,4115
2015 2 10,21 00,3985
2015 2 10,22 00,3881
2015 2 10,23 00,3703
2015 2 11,0 00,3437
2015 2 11,1 00,3260
2015 2 11,2 00,3132
2015 2 11,3 00,3040
2015 2 11,4 00,3007
2015 2 11,5 00,3099
2015 2 11,6 00,3350
2015 2 11,7 00,3599
2015 2 11,8 00,3829
2015 2 11,9 00,3863
2015 2 11,10 00,3687
2015 2 11,11 00,3527
2015 2 11,12 00,3374
2015 2 11,13 00,3385
2015 2 11,14 00,3340
2015 2 11,15 00,3344
2015 2 11,16 00,3484
2015 2 11,17 00,3841
2015 2 11,18 00,4021
2015 2 11,19 00,3983
2015 2 11,20 00,3935
2015 2 11,21 00,3803
2015 2 11,22 00,3592
2015 2 11,23 00,3383
2015 2 12,0 00,3113
2015 2 12,1 00,2982
2015 2 12,2 00,2907
2015 2 12,3 00,2873
2015 2 12,4 00,2907
2015 2 12,5 00,3123
2015 2 12,6 00,3589
2015 2 12,7 00,3832
2015 2 12,8 00,3951
2015 2 12,9 00,3952
2015 2 12,10 00,3792
2015 2 12,11 00,3673
2015 2 12,12 00,3404
2015 2 12,13 00,3501
2015 2 12,14 00,3453
2015 2 12,15 00,3445
2015 2 12,16 00,3583
2015 2 12,17 00,3878
2015 2 12,18 00,3985
2015 2 12,19 00,3907
2015 2 12,20 00,3823
2015 2 12,21 00,3696
2015 2 12,22 00,3585
2015 2 12,23 00,3388
2015 2 13,0 00,3140
2015 2 13,1 00,3004
2015 2 13,2 00,2920
2015 2 13,3 00,2888
2015 2 13,4 00,2907
2015 2 13,5 00,3101
2015 2 13,6 00,3547
2015 2 13,7 00,3748
2015 2 13,8 00,3847
2015 2 13,9 00,3847
2015 2 13,10 00,3745
2015 2 13,11 00,3658
2015 2 13,12 00,3424
2015 2 13,13 00,3592
2015 2 13,14 00,3626
2015 2 13,15 00,3741
2015 2 13,16 00,3939
2015 2 13,17 00,4195
2015 2 13,18 00,4274
2015 2 13,19 00,4205
2015 2 13,20 00,4118
2015 2 13,21 00,3986
2015 2 13,22 00,3873
2015 2 13,23 00,3696
2015 2 14,0 00,3428
2015 2 14,1 00,3233
2015 2 14,2 00,3106
2015 2 14,3 00,3013
2015 2 14,4 00,2966
2015 2 14,5 00,3045
2015 2 14,6 00,3303
2015 2 14,7 00,3540
2015 2 14,8 00,3724
2015 2 14,9 00,3742
2015 2 14,10 00,3624
2015 2 14,11 00,3515
2015 2 14,12 00,3331
2015 2 14,13 00,3315
2015 2 14,14 00,3255
2015 2 14,15 00,3262
2015 2 14,16 00,3382
2015 2 14,17 00,3716
2015 2 14,18 00,3900
2015 2 14,19 00,3866
2015 2 14,20 00,3818
2015 2 14,21 00,3686
2015 2 14,22 00,3525
2015 2 14,23 00,3362
2015 2 15,0 00,3122
2015 2 15,1 00,2965
2015 2 15,2 00,2859
2015 2 15,3 00,2788
2015 2 15,4 00,2751
2015 2 15,5 00,2793
2015 2 15,6 00,2945
2015 2 15,7 00,3095
2015 2 15,8 00,3217
2015 2 15,9 00,3242
2015 2 15,10 00,3150
2015 2 15,11 00,3065
2015 2 15,12 00,3000
2015 2 15,13 00,2953
2015 2 15,14 00,2915
2015 2 15,15 00,2967
2015 2 15,16 00,3158
2015 2 15,17 00,3626
2015 2 15,18 00,3895
2015 2 15,19 00,3902
2015 2 15,20 00,3857
2015 2 15,21 00,3733
2015 2 15,22 00,3497
2015 2 15,23 00,3295
2015 2 16,0 00,3043
2015 2 16,1 00,2910
2015 2 16,2 00,2833
2015 2 16,3 00,2796
2015 2 16,4 00,2821
2015 2 16,5 00,3052
2015 2 16,6 00,3545
2015 2 16,7 00,3824
2015 2 16,8 00,3971
2015 2 16,9 00,3993
2015 2 16,10 00,3858
2015 2 16,11 00,3733
2015 2 16,12 00,3416
2015 2 16,13 00,3552
2015 2 16,14 00,3509
2015 2 16,15 00,3488
2015 2 16,16 00,3612
2015 2 16,17 00,3898
2015 2 16,18 00,4053
2015 2 16,19 00,3975
2015 2 16,20 00,3888
2015 2 16,21 00,3767
2015 2 16,22 00,3657
2015 2 16,23 00,3437
2015 2 17,0 00,3163
2015 2 17,1 00,3007
2015 2 17,2 00,2915
2015 2 17,3 00,2868
2015 2 17,4 00,2880
2015 2 17,5 00,3062
2015 2 17,6 00,3494
2015 2 17,7 00,3815
2015 2 17,8 00,4115
2015 2 17,9 00,4256
2015 2 17,10 00,4239
2015 2 17,11 00,4174
2015 2 17,12 00,3963
2015 2 17,13 00,4109
2015 2 17,14 00,4077
2015 2 17,15 00,4057
2015 2 17,16 00,4199
2015 2 17,17 00,4372
2015 2 17,18 00,4378
2015 2 17,19 00,4268
2015 2 17,20 00,4136
2015 2 17,21 00,3976
2015 2 17,22 00,3830
2015 2 17,23 00,3581
2015 2 18,0 00,3286
2015 2 18,1 00,3117
2015 2 18,2 00,3002
2015 2 18,3 00,2940
2015 2 18,4 00,2949
2015 2 18,5 00,3137
2015 2 18,6 00,3585
2015 2 18,7 00,3899
2015 2 18,8 00,4184
2015 2 18,9 00,4383
2015 2 18,10 00,4335
2015 2 18,11 00,4279
2015 2 18,12 00,4098
2015 2 18,13 00,4261
2015 2 18,14 00,4249
2015 2 18,15 00,4264
2015 2 18,16 00,4353
2015 2 18,17 00,4468
2015 2 18,18 00,4466
2015 2 18,19 00,4340
2015 2 18,20 00,4214
2015 2 18,21 00,4039
2015 2 18,22 00,3853
2015 2 18,23 00,3595
2015 2 19,0 00,3278
2015 2 19,1 00,3104
2015 2 19,2 00,2995
2015 2 19,3 00,2946
2015 2 19,4 00,2972
2015 2 19,5 00,3185
2015 2 19,6 00,3646
2015 2 19,7 00,3858
2015 2 19,8 00,3957
2015 2 19,9 00,3963
2015 2 19,10 00,3813
2015 2 19,11 00,3705
2015 2 19,12 00,3476
2015 2 19,13 00,3537
2015 2 19,14 00,3452
2015 2 19,15 00,3482
2015 2 19,16 00,3639
2015 2 19,17 00,3906
2015 2 19,18 00,4076
2015 2 19,19 00,4004
2015 2 19,20 00,3915
2015 2 19,21 00,3777
2015 2 19,22 00,3652
2015 2 19,23 00,3444
2015 2 20,0 00,3174
2015 2 20,1 00,3014
2015 2 20,2 00,2928
2015 2 20,3 00,2882
2015 2 20,4 00,2900
2015 2 20,5 00,3108
2015 2 20,6 00,3540
2015 2 20,7 00,3746
2015 2 20,8 00,3841
2015 2 20,9 00,3867
2015 2 20,10 00,3757
2015 2 20,11 00,3688
2015 2 20,12 00,3523
2015 2 20,13 00,3640
2015 2 20,14 00,3640
2015 2 20,15 00,3586
2015 2 20,16 00,3678
2015 2 20,17 00,3906
2015 2 20,18 00,4053
2015 2 20,19 00,3975
2015 2 20,20 00,3886
2015 2 20,21 00,3765
2015 2 20,22 00,3685
2015 2 20,23 00,3520
2015 2 21,0 00,3275
2015 2 21,1 00,3131
2015 2 21,2 00,3022
2015 2 21,3 00,2950
2015 2 21,4 00,2916
2015 2 21,5 00,2994
2015 2 21,6 00,3207
2015 2 21,7 00,3398
2015 2 21,8 00,3573
2015 2 21,9 00,3591
2015 2 21,10 00,3534
2015 2 21,11 00,3447
2015 2 21,12 00,3308
2015 2 21,13 00,3298
2015 2 21,14 00,3241
2015 2 21,15 00,3195
2015 2 21,16 00,3296
2015 2 21,17 00,3620
2015 2 21,18 00,3810
2015 2 21,19 00,3770
2015 2 21,20 00,3693
2015 2 21,21 00,3550
2015 2 21,22 00,3375
2015 2 21,23 00,3191
2015 2 22,0 00,2952
2015 2 22,1 00,2823
2015 2 22,2 00,2731
2015 2 22,3 00,2662
2015 2 22,4 00,2634
2015 2 22,5 00,2672
2015 2 22,6 00,2797
2015 2 22,7 00,2986
2015 2 22,8 00,3287
2015 2 22,9 00,3495
2015 2 22,10 00,3542
2015 2 22,11 00,3467
2015 2 22,12 00,3371
2015 2 22,13 00,3325
2015 2 22,14 00,3290
2015 2 22,15 00,3274
2015 2 22,16 00,3348
2015 2 22,17 00,3637
2015 2 22,18 00,3772
2015 2 22,19 00,3719
2015 2 22,20 00,3647
2015 2 22,21 00,3497
2015 2 22,22 00,3267
2015 2 22,23 00,3038
2015 2 23,0 00,2785
2015 2 23,1 00,2658
2015 2 23,2 00,2598
2015 2 23,3 00,2564
2015 2 23,4 00,2591
2015 2 23,5 00,2764
2015 2 23,6 00,3141
2015 2 23,7 00,3403
2015 2 23,8 00,3562
2015 2 23,9 00,3679
2015 2 23,10 00,3574
2015 2 23,11 00,3506
2015 2 23,12 00,3208
2015 2 23,13 00,3302
2015 2 23,14 00,3297
2015 2 23,15 00,3310
2015 2 23,16 00,3461
2015 2 23,17 00,3663
2015 2 23,18 00,3695
2015 2 23,19 00,3606
2015 2 23,20 00,3501
2015 2 23,21 00,3369
2015 2 23,22 00,3286
2015 2 23,23 00,3081
2015 2 24,0 00,2846
2015 2 24,1 00,2745
2015 2 24,2 00,2691
2015 2 24,3 00,2666
2015 2 24,4 00,2697
2015 2 24,5 00,2847
2015 2 24,6 00,3172
2015 2 24,7 00,3386
2015 2 24,8 00,3606
2015 2 24,9 00,3724
2015 2 24,10 00,3650
2015 2 24,11 00,3594
2015 2 24,12 00,3399
2015 2 24,13 00,3537
2015 2 24,14 00,3460
2015 2 24,15 00,3446
2015 2 24,16 00,3555
2015 2 24,17 00,3741
2015 2 24,18 00,3836
2015 2 24,19 00,3739
2015 2 24,20 00,3629
2015 2 24,21 00,3501
2015 2 24,22 00,3394
2015 2 24,23 00,3161
2015 2 25,0 00,2902
2015 2 25,1 00,2777
2015 2 25,2 00,2713
2015 2 25,3 00,2679
2015 2 25,4 00,2706
2015 2 25,5 00,2860
2015 2 25,6 00,3196
2015 2 25,7 00,3425
2015 2 25,8 00,3665
2015 2 25,9 00,3790
2015 2 25,10 00,3660
2015 2 25,11 00,3584
2015 2 25,12 00,3395
2015 2 25,13 00,3515
2015 2 25,14 00,3448
2015 2 25,15 00,3392
2015 2 25,16 00,3502
2015 2 25,17 00,3712
2015 2 25,18 00,3825
2015 2 25,19 00,3754
2015 2 25,20 00,3647
2015 2 25,21 00,3513
2015 2 25,22 00,3389
2015 2 25,23 00,3159
2015 2 26,0 00,2904
2015 2 26,1 00,2773
2015 2 26,2 00,2711
2015 2 26,3 00,2684
2015 2 26,4 00,2699
2015 2 26,5 00,2837
2015 2 26,6 00,3194
2015 2 26,7 00,3480
2015 2 26,8 00,3754
2015 2 26,9 00,3939
2015 2 26,10 00,3943
2015 2 26,11 00,3954
2015 2 26,12 00,3756
2015 2 26,13 00,3907
2015 2 26,14 00,3909
2015 2 26,15 00,3930
2015 2 26,16 00,4042
2015 2 26,17 00,4142
2015 2 26,18 00,4137
2015 2 26,19 00,4008
2015 2 26,20 00,3868
2015 2 26,21 00,3692
2015 2 26,22 00,3551
2015 2 26,23 00,3296
2015 2 27,0 00,3032
2015 2 27,1 00,2880
2015 2 27,2 00,2801
2015 2 27,3 00,2757
2015 2 27,4 00,2773
2015 2 27,5 00,2950
2015 2 27,6 00,3307
2015 2 27,7 00,3491
2015 2 27,8 00,3596
2015 2 27,9 00,3572
2015 2 27,10 00,3489
2015 2 27,11 00,3429
2015 2 27,12 00,3262
2015 2 27,13 00,3355
2015 2 27,14 00,3344
2015 2 27,15 00,3369
2015 2 27,16 00,3488
2015 2 27,17 00,3729
2015 2 27,18 00,3886
2015 2 27,19 00,3824
2015 2 27,20 00,3731
2015 2 27,21 00,3593
2015 2 27,22 00,3517
2015 2 27,23 00,3325
2015 2 28,0 00,3072
2015 2 28,1 00,2928
2015 2 28,2 00,2826
2015 2 28,3 00,2765
2015 2 28,4 00,2755
2015 2 28,5 00,2831
2015 2 28,6 00,2988
2015 2 28,7 00,3194
2015 2 28,8 00,3390
2015 2 28,9 00,3423
2015 2 28,10 00,3338
2015 2 28,11 00,3261
2015 2 28,12 00,3116
2015 2 28,13 00,3088
2015 2 28,14 00,3027
2015 2 28,15 00,2998
2015 2 28,16 00,3086
2015 2 28,17 00,3369
2015 2 28,18 00,3595
2015 2 28,19 00,3578
2015 2 28,20 00,3527
2015 2 28,21 00,3403
2015 2 28,22 00,3239
2015 2 28,23 00,3067
2015 3 1,0 00,2843
2015 3 1,1 00,2705
2015 3 1,2 00,2625
2015 3 1,3 00,2567
2015 3 1,4 00,2531
2015 3 1,5 00,2559
2015 3 1,6 00,2670
2015 3 1,7 00,2841
2015 3 1,8 00,3094
2015 3 1,9 00,3237
2015 3 1,10 00,3291
2015 3 1,11 00,3288
2015 3 1,12 00,3272
2015 3 1,13 00,3278
2015 3 1,14 00,3296
2015 3 1,15 00,3318
2015 3 1,16 00,3429
2015 3 1,17 00,3678
2015 3 1,18 00,3775
2015 3 1,19 00,3732
2015 3 1,20 00,3650
2015 3 1,21 00,3482
2015 3 1,22 00,3239
2015 3 1,23 00,3002
2015 3 2,0 00,2747
2015 3 2,1 00,2631
2015 3 2,2 00,2585
2015 3 2,3 00,2565
2015 3 2,4 00,2608
2015 3 2,5 00,2806
2015 3 2,6 00,3158
2015 3 2,7 00,3342
2015 3 2,8 00,3450
2015 3 2,9 00,3537
2015 3 2,10 00,3485
2015 3 2,11 00,3437
2015 3 2,12 00,3228
2015 3 2,13 00,3354
2015 3 2,14 00,3336
2015 3 2,15 00,3339
2015 3 2,16 00,3447
2015 3 2,17 00,3663
2015 3 2,18 00,3863
2015 3 2,19 00,3803
2015 3 2,20 00,3721
2015 3 2,21 00,3599
2015 3 2,22 00,3530
2015 3 2,23 00,3318
2015 3 3,0 00,3060
2015 3 3,1 00,2918
2015 3 3,2 00,2836
2015 3 3,3 00,2788
2015 3 3,4 00,2807
2015 3 3,5 00,2986
2015 3 3,6 00,3369
2015 3 3,7 00,3643
2015 3 3,8 00,3885
2015 3 3,9 00,4054
2015 3 3,10 00,4011
2015 3 3,11 00,3946
2015 3 3,12 00,3713
2015 3 3,13 00,3847
2015 3 3,14 00,3844
2015 3 3,15 00,3828
2015 3 3,16 00,3939
2015 3 3,17 00,4108
2015 3 3,18 00,4153
2015 3 3,19 00,4037
2015 3 3,20 00,3923
2015 3 3,21 00,3764
2015 3 3,22 00,3642
2015 3 3,23 00,3395
2015 3 4,0 00,3128
2015 3 4,1 00,2979
2015 3 4,2 00,2893
2015 3 4,3 00,2855
2015 3 4,4 00,2864
2015 3 4,5 00,3023
2015 3 4,6 00,3390
2015 3 4,7 00,3651
2015 3 4,8 00,3795
2015 3 4,9 00,3748
2015 3 4,10 00,3628
2015 3 4,11 00,3483
2015 3 4,12 00,3224
2015 3 4,13 00,3307
2015 3 4,14 00,3254
2015 3 4,15 00,3230
2015 3 4,16 00,3288
2015 3 4,17 00,3446
2015 3 4,18 00,3648
2015 3 4,19 00,3589
2015 3 4,20 00,3499
2015 3 4,21 00,3382
2015 3 4,22 00,3303
2015 3 4,23 00,3096
